id_0,sender_id_1_0,sender_id_2_0,1680433923637
id_1,sender_id_1_1,sender_id_2_1,1680433923637
sender_id_0_2,id_2,sender_id_2_2,1680433923637
sender_id_0_3,id_3,sender_id_2_3,1680433923637
sender_id_0_4,sender_id_1_4,id_4,1680433923637
sender_id_0_5,sender_id_1_5,sender_id_2_5,1680433923637
sender_id_0_6,sender_id_1_6,sender_id_2_6,1680433923637
sender_id_0_7,sender_id_1_7,sender_id_2_7,1680433923637
sender_id_0_8,sender_id_1_8,sender_id_2_8,1680433923637
sender_id_0_9,sender_id_1_9,sender_id_2_9,1680433923637
sender_id_0_10,sender_id_1_10,sender_id_2_10,1680433923637
sender_id_0_11,sender_id_1_11,sender_id_2_11,1680433923637
sender_id_0_12,sender_id_1_12,sender_id_2_12,1680433923637
sender_id_0_13,sender_id_1_13,sender_id_2_13,1680433923637
sender_id_0_14,sender_id_1_14,sender_id_2_14,1680433923637
sender_id_0_15,sender_id_1_15,sender_id_2_15,1680433923637
sender_id_0_16,sender_id_1_16,sender_id_2_16,1680433923637
sender_id_0_17,sender_id_1_17,sender_id_2_17,1680433923637
sender_id_0_18,sender_id_1_18,sender_id_2_18,1680433923637
sender_id_0_19,sender_id_1_19,sender_id_2_19,1680433923637
sender_id_0_20,sender_id_1_20,sender_id_2_20,1680433923637
sender_id_0_21,sender_id_1_21,sender_id_2_21,1680433923637
sender_id_0_22,sender_id_1_22,sender_id_2_22,1680433923637
sender_id_0_23,sender_id_1_23,sender_id_2_23,1680433923637
sender_id_0_24,sender_id_1_24,sender_id_2_24,1680433923637
sender_id_0_25,sender_id_1_25,sender_id_2_25,1680433923637
sender_id_0_26,sender_id_1_26,sender_id_2_26,1680433923637
sender_id_0_27,sender_id_1_27,sender_id_2_27,1680433923637
sender_id_0_28,sender_id_1_28,sender_id_2_28,1680433923637
sender_id_0_29,sender_id_1_29,sender_id_2_29,1680433923637
sender_id_0_30,sender_id_1_30,sender_id_2_30,1680433923637
sender_id_0_31,sender_id_1_31,sender_id_2_31,1680433923637
sender_id_0_32,sender_id_1_32,sender_id_2_32,1680433923637
sender_id_0_33,sender_id_1_33,sender_id_2_33,1680433923637
sender_id_0_34,sender_id_1_34,sender_id_2_34,1680433923637
sender_id_0_35,sender_id_1_35,sender_id_2_35,1680433923637
sender_id_0_36,sender_id_1_36,sender_id_2_36,1680433923637
sender_id_0_37,sender_id_1_37,sender_id_2_37,1680433923637
sender_id_0_38,sender_id_1_38,sender_id_2_38,1680433923637
sender_id_0_39,sender_id_1_39,sender_id_2_39,1680433923637
sender_id_0_40,sender_id_1_40,sender_id_2_40,1680433923637
sender_id_0_41,sender_id_1_41,sender_id_2_41,1680433923637
sender_id_0_42,sender_id_1_42,sender_id_2_42,1680433923637
sender_id_0_43,sender_id_1_43,sender_id_2_43,1680433923637
sender_id_0_44,sender_id_1_44,sender_id_2_44,1680433923637
sender_id_0_45,sender_id_1_45,sender_id_2_45,1680433923637
sender_id_0_46,sender_id_1_46,sender_id_2_46,1680433923637
sender_id_0_47,sender_id_1_47,sender_id_2_47,1680433923637
sender_id_0_48,sender_id_1_48,sender_id_2_48,1680433923637
sender_id_0_49,sender_id_1_49,sender_id_2_49,1680433923637
sender_id_0_50,sender_id_1_50,sender_id_2_50,1680433923637
sender_id_0_51,sender_id_1_51,sender_id_2_51,1680433923637
sender_id_0_52,sender_id_1_52,sender_id_2_52,1680433923637
sender_id_0_53,sender_id_1_53,sender_id_2_53,1680433923637
sender_id_0_54,sender_id_1_54,sender_id_2_54,1680433923637
sender_id_0_55,sender_id_1_55,sender_id_2_55,1680433923637
sender_id_0_56,sender_id_1_56,sender_id_2_56,1680433923637
sender_id_0_57,sender_id_1_57,sender_id_2_57,1680433923637
sender_id_0_58,sender_id_1_58,sender_id_2_58,1680433923637
sender_id_0_59,sender_id_1_59,sender_id_2_59,1680433923637
sender_id_0_60,sender_id_1_60,sender_id_2_60,1680433923637
sender_id_0_61,sender_id_1_61,sender_id_2_61,1680433923637
sender_id_0_62,sender_id_1_62,sender_id_2_62,1680433923637
sender_id_0_63,sender_id_1_63,sender_id_2_63,1680433923637
sender_id_0_64,sender_id_1_64,sender_id_2_64,1680433923637
sender_id_0_65,sender_id_1_65,sender_id_2_65,1680433923637
sender_id_0_66,sender_id_1_66,sender_id_2_66,1680433923637
sender_id_0_67,sender_id_1_67,sender_id_2_67,1680433923637
sender_id_0_68,sender_id_1_68,sender_id_2_68,1680433923637
sender_id_0_69,sender_id_1_69,sender_id_2_69,1680433923637
sender_id_0_70,sender_id_1_70,sender_id_2_70,1680433923637
sender_id_0_71,sender_id_1_71,sender_id_2_71,1680433923637
sender_id_0_72,sender_id_1_72,sender_id_2_72,1680433923637
sender_id_0_73,sender_id_1_73,sender_id_2_73,1680433923637
sender_id_0_74,sender_id_1_74,sender_id_2_74,1680433923637
sender_id_0_75,sender_id_1_75,sender_id_2_75,1680433923637
sender_id_0_76,sender_id_1_76,sender_id_2_76,1680433923637
sender_id_0_77,sender_id_1_77,sender_id_2_77,1680433923637
sender_id_0_78,sender_id_1_78,sender_id_2_78,1680433923637
sender_id_0_79,sender_id_1_79,sender_id_2_79,1680433923637
sender_id_0_80,sender_id_1_80,sender_id_2_80,1680433923637
sender_id_0_81,sender_id_1_81,sender_id_2_81,1680433923637
sender_id_0_82,sender_id_1_82,sender_id_2_82,1680433923637
sender_id_0_83,sender_id_1_83,sender_id_2_83,1680433923637
sender_id_0_84,sender_id_1_84,sender_id_2_84,1680433923637
sender_id_0_85,sender_id_1_85,sender_id_2_85,1680433923637
sender_id_0_86,sender_id_1_86,sender_id_2_86,1680433923637
sender_id_0_87,sender_id_1_87,sender_id_2_87,1680433923637
sender_id_0_88,sender_id_1_88,sender_id_2_88,1680433923637
sender_id_0_89,sender_id_1_89,sender_id_2_89,1680433923637
sender_id_0_90,sender_id_1_90,sender_id_2_90,1680433923637
sender_id_0_91,sender_id_1_91,sender_id_2_91,1680433923637
sender_id_0_92,sender_id_1_92,sender_id_2_92,1680433923637
sender_id_0_93,sender_id_1_93,sender_id_2_93,1680433923637
sender_id_0_94,sender_id_1_94,sender_id_2_94,1680433923637
sender_id_0_95,sender_id_1_95,sender_id_2_95,1680433923637
sender_id_0_96,sender_id_1_96,sender_id_2_96,1680433923637
sender_id_0_97,sender_id_1_97,sender_id_2_97,1680433923637
sender_id_0_98,sender_id_1_98,sender_id_2_98,1680433923637
sender_id_0_99,sender_id_1_99,sender_id_2_99,1680433923637
sender_id_0_100,sender_id_1_100,sender_id_2_100,1680433923637
sender_id_0_101,sender_id_1_101,sender_id_2_101,1680433923637
sender_id_0_102,sender_id_1_102,sender_id_2_102,1680433923637
sender_id_0_103,sender_id_1_103,sender_id_2_103,1680433923637
sender_id_0_104,sender_id_1_104,sender_id_2_104,1680433923637
sender_id_0_105,sender_id_1_105,sender_id_2_105,1680433923637
sender_id_0_106,sender_id_1_106,sender_id_2_106,1680433923637
sender_id_0_107,sender_id_1_107,sender_id_2_107,1680433923637
sender_id_0_108,sender_id_1_108,sender_id_2_108,1680433923637
sender_id_0_109,sender_id_1_109,sender_id_2_109,1680433923637
sender_id_0_110,sender_id_1_110,sender_id_2_110,1680433923637
sender_id_0_111,sender_id_1_111,sender_id_2_111,1680433923637
sender_id_0_112,sender_id_1_112,sender_id_2_112,1680433923637
sender_id_0_113,sender_id_1_113,sender_id_2_113,1680433923637
sender_id_0_114,sender_id_1_114,sender_id_2_114,1680433923637
sender_id_0_115,sender_id_1_115,sender_id_2_115,1680433923637
sender_id_0_116,sender_id_1_116,sender_id_2_116,1680433923637
sender_id_0_117,sender_id_1_117,sender_id_2_117,1680433923637
sender_id_0_118,sender_id_1_118,sender_id_2_118,1680433923637
sender_id_0_119,sender_id_1_119,sender_id_2_119,1680433923637
sender_id_0_120,sender_id_1_120,sender_id_2_120,1680433923637
sender_id_0_121,sender_id_1_121,sender_id_2_121,1680433923637
sender_id_0_122,sender_id_1_122,sender_id_2_122,1680433923637
sender_id_0_123,sender_id_1_123,sender_id_2_123,1680433923637
sender_id_0_124,sender_id_1_124,sender_id_2_124,1680433923637
sender_id_0_125,sender_id_1_125,sender_id_2_125,1680433923637
sender_id_0_126,sender_id_1_126,sender_id_2_126,1680433923637
sender_id_0_127,sender_id_1_127,sender_id_2_127,1680433923637
sender_id_0_128,sender_id_1_128,sender_id_2_128,1680433923637
sender_id_0_129,sender_id_1_129,sender_id_2_129,1680433923637
sender_id_0_130,sender_id_1_130,sender_id_2_130,1680433923637
sender_id_0_131,sender_id_1_131,sender_id_2_131,1680433923637
sender_id_0_132,sender_id_1_132,sender_id_2_132,1680433923637
sender_id_0_133,sender_id_1_133,sender_id_2_133,1680433923637
sender_id_0_134,sender_id_1_134,sender_id_2_134,1680433923637
sender_id_0_135,sender_id_1_135,sender_id_2_135,1680433923637
sender_id_0_136,sender_id_1_136,sender_id_2_136,1680433923637
sender_id_0_137,sender_id_1_137,sender_id_2_137,1680433923637
sender_id_0_138,sender_id_1_138,sender_id_2_138,1680433923637
sender_id_0_139,sender_id_1_139,sender_id_2_139,1680433923637
sender_id_0_140,sender_id_1_140,sender_id_2_140,1680433923637
sender_id_0_141,sender_id_1_141,sender_id_2_141,1680433923637
sender_id_0_142,sender_id_1_142,sender_id_2_142,1680433923637
sender_id_0_143,sender_id_1_143,sender_id_2_143,1680433923637
sender_id_0_144,sender_id_1_144,sender_id_2_144,1680433923637
sender_id_0_145,sender_id_1_145,sender_id_2_145,1680433923637
sender_id_0_146,sender_id_1_146,sender_id_2_146,1680433923637
sender_id_0_147,sender_id_1_147,sender_id_2_147,1680433923637
sender_id_0_148,sender_id_1_148,sender_id_2_148,1680433923637
sender_id_0_149,sender_id_1_149,sender_id_2_149,1680433923637
sender_id_0_150,sender_id_1_150,sender_id_2_150,1680433923637
sender_id_0_151,sender_id_1_151,sender_id_2_151,1680433923637
sender_id_0_152,sender_id_1_152,sender_id_2_152,1680433923637
sender_id_0_153,sender_id_1_153,sender_id_2_153,1680433923637
sender_id_0_154,sender_id_1_154,sender_id_2_154,1680433923637
sender_id_0_155,sender_id_1_155,sender_id_2_155,1680433923637
sender_id_0_156,sender_id_1_156,sender_id_2_156,1680433923637
sender_id_0_157,sender_id_1_157,sender_id_2_157,1680433923637
sender_id_0_158,sender_id_1_158,sender_id_2_158,1680433923637
sender_id_0_159,sender_id_1_159,sender_id_2_159,1680433923637
sender_id_0_160,sender_id_1_160,sender_id_2_160,1680433923637
sender_id_0_161,sender_id_1_161,sender_id_2_161,1680433923637
sender_id_0_162,sender_id_1_162,sender_id_2_162,1680433923637
sender_id_0_163,sender_id_1_163,sender_id_2_163,1680433923637
sender_id_0_164,sender_id_1_164,sender_id_2_164,1680433923637
sender_id_0_165,sender_id_1_165,sender_id_2_165,1680433923637
sender_id_0_166,sender_id_1_166,sender_id_2_166,1680433923637
sender_id_0_167,sender_id_1_167,sender_id_2_167,1680433923637
sender_id_0_168,sender_id_1_168,sender_id_2_168,1680433923637
sender_id_0_169,sender_id_1_169,sender_id_2_169,1680433923637
sender_id_0_170,sender_id_1_170,sender_id_2_170,1680433923637
sender_id_0_171,sender_id_1_171,sender_id_2_171,1680433923637
sender_id_0_172,sender_id_1_172,sender_id_2_172,1680433923637
sender_id_0_173,sender_id_1_173,sender_id_2_173,1680433923637
sender_id_0_174,sender_id_1_174,sender_id_2_174,1680433923637
sender_id_0_175,sender_id_1_175,sender_id_2_175,1680433923637
sender_id_0_176,sender_id_1_176,sender_id_2_176,1680433923637
sender_id_0_177,sender_id_1_177,sender_id_2_177,1680433923637
sender_id_0_178,sender_id_1_178,sender_id_2_178,1680433923637
sender_id_0_179,sender_id_1_179,sender_id_2_179,1680433923637
sender_id_0_180,sender_id_1_180,sender_id_2_180,1680433923637
sender_id_0_181,sender_id_1_181,sender_id_2_181,1680433923637
sender_id_0_182,sender_id_1_182,sender_id_2_182,1680433923637
sender_id_0_183,sender_id_1_183,sender_id_2_183,1680433923637
sender_id_0_184,sender_id_1_184,sender_id_2_184,1680433923637
sender_id_0_185,sender_id_1_185,sender_id_2_185,1680433923637
sender_id_0_186,sender_id_1_186,sender_id_2_186,1680433923637
sender_id_0_187,sender_id_1_187,sender_id_2_187,1680433923637
sender_id_0_188,sender_id_1_188,sender_id_2_188,1680433923637
sender_id_0_189,sender_id_1_189,sender_id_2_189,1680433923637
sender_id_0_190,sender_id_1_190,sender_id_2_190,1680433923637
sender_id_0_191,sender_id_1_191,sender_id_2_191,1680433923637
sender_id_0_192,sender_id_1_192,sender_id_2_192,1680433923637
sender_id_0_193,sender_id_1_193,sender_id_2_193,1680433923637
sender_id_0_194,sender_id_1_194,sender_id_2_194,1680433923637
sender_id_0_195,sender_id_1_195,sender_id_2_195,1680433923637
sender_id_0_196,sender_id_1_196,sender_id_2_196,1680433923637
sender_id_0_197,sender_id_1_197,sender_id_2_197,1680433923637
sender_id_0_198,sender_id_1_198,sender_id_2_198,1680433923637
sender_id_0_199,sender_id_1_199,sender_id_2_199,1680433923637
sender_id_0_200,sender_id_1_200,sender_id_2_200,1680433923637
sender_id_0_201,sender_id_1_201,sender_id_2_201,1680433923637
sender_id_0_202,sender_id_1_202,sender_id_2_202,1680433923637
sender_id_0_203,sender_id_1_203,sender_id_2_203,1680433923637
sender_id_0_204,sender_id_1_204,sender_id_2_204,1680433923637
sender_id_0_205,sender_id_1_205,sender_id_2_205,1680433923637
sender_id_0_206,sender_id_1_206,sender_id_2_206,1680433923637
sender_id_0_207,sender_id_1_207,sender_id_2_207,1680433923637
sender_id_0_208,sender_id_1_208,sender_id_2_208,1680433923637
sender_id_0_209,sender_id_1_209,sender_id_2_209,1680433923638
sender_id_0_210,sender_id_1_210,sender_id_2_210,1680433923638
sender_id_0_211,sender_id_1_211,sender_id_2_211,1680433923638
sender_id_0_212,sender_id_1_212,sender_id_2_212,1680433923638
sender_id_0_213,sender_id_1_213,sender_id_2_213,1680433923638
sender_id_0_214,sender_id_1_214,sender_id_2_214,1680433923638
sender_id_0_215,sender_id_1_215,sender_id_2_215,1680433923638
sender_id_0_216,sender_id_1_216,sender_id_2_216,1680433923638
sender_id_0_217,sender_id_1_217,sender_id_2_217,1680433923638
sender_id_0_218,sender_id_1_218,sender_id_2_218,1680433923638
sender_id_0_219,sender_id_1_219,sender_id_2_219,1680433923638
sender_id_0_220,sender_id_1_220,sender_id_2_220,1680433923638
sender_id_0_221,sender_id_1_221,sender_id_2_221,1680433923638
sender_id_0_222,sender_id_1_222,sender_id_2_222,1680433923638
sender_id_0_223,sender_id_1_223,sender_id_2_223,1680433923638
sender_id_0_224,sender_id_1_224,sender_id_2_224,1680433923638
sender_id_0_225,sender_id_1_225,sender_id_2_225,1680433923638
sender_id_0_226,sender_id_1_226,sender_id_2_226,1680433923638
sender_id_0_227,sender_id_1_227,sender_id_2_227,1680433923638
sender_id_0_228,sender_id_1_228,sender_id_2_228,1680433923638
sender_id_0_229,sender_id_1_229,sender_id_2_229,1680433923638
sender_id_0_230,sender_id_1_230,sender_id_2_230,1680433923638
sender_id_0_231,sender_id_1_231,sender_id_2_231,1680433923638
sender_id_0_232,sender_id_1_232,sender_id_2_232,1680433923638
sender_id_0_233,sender_id_1_233,sender_id_2_233,1680433923638
sender_id_0_234,sender_id_1_234,sender_id_2_234,1680433923638
sender_id_0_235,sender_id_1_235,sender_id_2_235,1680433923638
sender_id_0_236,sender_id_1_236,sender_id_2_236,1680433923638
sender_id_0_237,sender_id_1_237,sender_id_2_237,1680433923638
sender_id_0_238,sender_id_1_238,sender_id_2_238,1680433923638
sender_id_0_239,sender_id_1_239,sender_id_2_239,1680433923638
sender_id_0_240,sender_id_1_240,sender_id_2_240,1680433923638
sender_id_0_241,sender_id_1_241,sender_id_2_241,1680433923638
sender_id_0_242,sender_id_1_242,sender_id_2_242,1680433923638
sender_id_0_243,sender_id_1_243,sender_id_2_243,1680433923638
sender_id_0_244,sender_id_1_244,sender_id_2_244,1680433923638
sender_id_0_245,sender_id_1_245,sender_id_2_245,1680433923638
sender_id_0_246,sender_id_1_246,sender_id_2_246,1680433923638
sender_id_0_247,sender_id_1_247,sender_id_2_247,1680433923638
sender_id_0_248,sender_id_1_248,sender_id_2_248,1680433923638
sender_id_0_249,sender_id_1_249,sender_id_2_249,1680433923638
sender_id_0_250,sender_id_1_250,sender_id_2_250,1680433923638
sender_id_0_251,sender_id_1_251,sender_id_2_251,1680433923638
sender_id_0_252,sender_id_1_252,sender_id_2_252,1680433923638
sender_id_0_253,sender_id_1_253,sender_id_2_253,1680433923638
sender_id_0_254,sender_id_1_254,sender_id_2_254,1680433923638
sender_id_0_255,sender_id_1_255,sender_id_2_255,1680433923638
sender_id_0_256,sender_id_1_256,sender_id_2_256,1680433923638
sender_id_0_257,sender_id_1_257,sender_id_2_257,1680433923638
sender_id_0_258,sender_id_1_258,sender_id_2_258,1680433923638
sender_id_0_259,sender_id_1_259,sender_id_2_259,1680433923638
sender_id_0_260,sender_id_1_260,sender_id_2_260,1680433923638
sender_id_0_261,sender_id_1_261,sender_id_2_261,1680433923638
sender_id_0_262,sender_id_1_262,sender_id_2_262,1680433923638
sender_id_0_263,sender_id_1_263,sender_id_2_263,1680433923638
sender_id_0_264,sender_id_1_264,sender_id_2_264,1680433923638
sender_id_0_265,sender_id_1_265,sender_id_2_265,1680433923638
sender_id_0_266,sender_id_1_266,sender_id_2_266,1680433923638
sender_id_0_267,sender_id_1_267,sender_id_2_267,1680433923638
sender_id_0_268,sender_id_1_268,sender_id_2_268,1680433923638
sender_id_0_269,sender_id_1_269,sender_id_2_269,1680433923638
sender_id_0_270,sender_id_1_270,sender_id_2_270,1680433923638
sender_id_0_271,sender_id_1_271,sender_id_2_271,1680433923638
sender_id_0_272,sender_id_1_272,sender_id_2_272,1680433923638
sender_id_0_273,sender_id_1_273,sender_id_2_273,1680433923638
sender_id_0_274,sender_id_1_274,sender_id_2_274,1680433923638
sender_id_0_275,sender_id_1_275,sender_id_2_275,1680433923638
sender_id_0_276,sender_id_1_276,sender_id_2_276,1680433923638
sender_id_0_277,sender_id_1_277,sender_id_2_277,1680433923638
sender_id_0_278,sender_id_1_278,sender_id_2_278,1680433923638
sender_id_0_279,sender_id_1_279,sender_id_2_279,1680433923638
sender_id_0_280,sender_id_1_280,sender_id_2_280,1680433923638
sender_id_0_281,sender_id_1_281,sender_id_2_281,1680433923638
sender_id_0_282,sender_id_1_282,sender_id_2_282,1680433923638
sender_id_0_283,sender_id_1_283,sender_id_2_283,1680433923638
sender_id_0_284,sender_id_1_284,sender_id_2_284,1680433923638
sender_id_0_285,sender_id_1_285,sender_id_2_285,1680433923638
sender_id_0_286,sender_id_1_286,sender_id_2_286,1680433923638
sender_id_0_287,sender_id_1_287,sender_id_2_287,1680433923638
sender_id_0_288,sender_id_1_288,sender_id_2_288,1680433923638
sender_id_0_289,sender_id_1_289,sender_id_2_289,1680433923638
sender_id_0_290,sender_id_1_290,sender_id_2_290,1680433923638
sender_id_0_291,sender_id_1_291,sender_id_2_291,1680433923638
sender_id_0_292,sender_id_1_292,sender_id_2_292,1680433923638
sender_id_0_293,sender_id_1_293,sender_id_2_293,1680433923638
sender_id_0_294,sender_id_1_294,sender_id_2_294,1680433923638
sender_id_0_295,sender_id_1_295,sender_id_2_295,1680433923638
sender_id_0_296,sender_id_1_296,sender_id_2_296,1680433923638
sender_id_0_297,sender_id_1_297,sender_id_2_297,1680433923638
sender_id_0_298,sender_id_1_298,sender_id_2_298,1680433923638
sender_id_0_299,sender_id_1_299,sender_id_2_299,1680433923638
sender_id_0_300,sender_id_1_300,sender_id_2_300,1680433923638
sender_id_0_301,sender_id_1_301,sender_id_2_301,1680433923638
sender_id_0_302,sender_id_1_302,sender_id_2_302,1680433923638
sender_id_0_303,sender_id_1_303,sender_id_2_303,1680433923638
sender_id_0_304,sender_id_1_304,sender_id_2_304,1680433923638
sender_id_0_305,sender_id_1_305,sender_id_2_305,1680433923638
sender_id_0_306,sender_id_1_306,sender_id_2_306,1680433923638
sender_id_0_307,sender_id_1_307,sender_id_2_307,1680433923638
sender_id_0_308,sender_id_1_308,sender_id_2_308,1680433923638
sender_id_0_309,sender_id_1_309,sender_id_2_309,1680433923638
sender_id_0_310,sender_id_1_310,sender_id_2_310,1680433923638
sender_id_0_311,sender_id_1_311,sender_id_2_311,1680433923638
sender_id_0_312,sender_id_1_312,sender_id_2_312,1680433923638
sender_id_0_313,sender_id_1_313,sender_id_2_313,1680433923638
sender_id_0_314,sender_id_1_314,sender_id_2_314,1680433923638
sender_id_0_315,sender_id_1_315,sender_id_2_315,1680433923638
sender_id_0_316,sender_id_1_316,sender_id_2_316,1680433923638
sender_id_0_317,sender_id_1_317,sender_id_2_317,1680433923638
sender_id_0_318,sender_id_1_318,sender_id_2_318,1680433923638
sender_id_0_319,sender_id_1_319,sender_id_2_319,1680433923638
sender_id_0_320,sender_id_1_320,sender_id_2_320,1680433923638
sender_id_0_321,sender_id_1_321,sender_id_2_321,1680433923638
sender_id_0_322,sender_id_1_322,sender_id_2_322,1680433923638
sender_id_0_323,sender_id_1_323,sender_id_2_323,1680433923638
sender_id_0_324,sender_id_1_324,sender_id_2_324,1680433923638
sender_id_0_325,sender_id_1_325,sender_id_2_325,1680433923638
sender_id_0_326,sender_id_1_326,sender_id_2_326,1680433923638
sender_id_0_327,sender_id_1_327,sender_id_2_327,1680433923638
sender_id_0_328,sender_id_1_328,sender_id_2_328,1680433923638
sender_id_0_329,sender_id_1_329,sender_id_2_329,1680433923638
sender_id_0_330,sender_id_1_330,sender_id_2_330,1680433923638
sender_id_0_331,sender_id_1_331,sender_id_2_331,1680433923638
sender_id_0_332,sender_id_1_332,sender_id_2_332,1680433923638
sender_id_0_333,sender_id_1_333,sender_id_2_333,1680433923638
sender_id_0_334,sender_id_1_334,sender_id_2_334,1680433923638
sender_id_0_335,sender_id_1_335,sender_id_2_335,1680433923638
sender_id_0_336,sender_id_1_336,sender_id_2_336,1680433923638
sender_id_0_337,sender_id_1_337,sender_id_2_337,1680433923638
sender_id_0_338,sender_id_1_338,sender_id_2_338,1680433923638
sender_id_0_339,sender_id_1_339,sender_id_2_339,1680433923638
sender_id_0_340,sender_id_1_340,sender_id_2_340,1680433923638
sender_id_0_341,sender_id_1_341,sender_id_2_341,1680433923638
sender_id_0_342,sender_id_1_342,sender_id_2_342,1680433923638
sender_id_0_343,sender_id_1_343,sender_id_2_343,1680433923638
sender_id_0_344,sender_id_1_344,sender_id_2_344,1680433923638
sender_id_0_345,sender_id_1_345,sender_id_2_345,1680433923638
sender_id_0_346,sender_id_1_346,sender_id_2_346,1680433923638
sender_id_0_347,sender_id_1_347,sender_id_2_347,1680433923638
sender_id_0_348,sender_id_1_348,sender_id_2_348,1680433923638
sender_id_0_349,sender_id_1_349,sender_id_2_349,1680433923638
sender_id_0_350,sender_id_1_350,sender_id_2_350,1680433923638
sender_id_0_351,sender_id_1_351,sender_id_2_351,1680433923638
sender_id_0_352,sender_id_1_352,sender_id_2_352,1680433923638
sender_id_0_353,sender_id_1_353,sender_id_2_353,1680433923638
sender_id_0_354,sender_id_1_354,sender_id_2_354,1680433923638
sender_id_0_355,sender_id_1_355,sender_id_2_355,1680433923638
sender_id_0_356,sender_id_1_356,sender_id_2_356,1680433923638
sender_id_0_357,sender_id_1_357,sender_id_2_357,1680433923638
sender_id_0_358,sender_id_1_358,sender_id_2_358,1680433923638
sender_id_0_359,sender_id_1_359,sender_id_2_359,1680433923638
sender_id_0_360,sender_id_1_360,sender_id_2_360,1680433923638
sender_id_0_361,sender_id_1_361,sender_id_2_361,1680433923638
sender_id_0_362,sender_id_1_362,sender_id_2_362,1680433923638
sender_id_0_363,sender_id_1_363,sender_id_2_363,1680433923638
sender_id_0_364,sender_id_1_364,sender_id_2_364,1680433923638
sender_id_0_365,sender_id_1_365,sender_id_2_365,1680433923638
sender_id_0_366,sender_id_1_366,sender_id_2_366,1680433923638
sender_id_0_367,sender_id_1_367,sender_id_2_367,1680433923638
sender_id_0_368,sender_id_1_368,sender_id_2_368,1680433923638
sender_id_0_369,sender_id_1_369,sender_id_2_369,1680433923638
sender_id_0_370,sender_id_1_370,sender_id_2_370,1680433923638
sender_id_0_371,sender_id_1_371,sender_id_2_371,1680433923638
sender_id_0_372,sender_id_1_372,sender_id_2_372,1680433923638
sender_id_0_373,sender_id_1_373,sender_id_2_373,1680433923638
sender_id_0_374,sender_id_1_374,sender_id_2_374,1680433923638
sender_id_0_375,sender_id_1_375,sender_id_2_375,1680433923638
sender_id_0_376,sender_id_1_376,sender_id_2_376,1680433923638
sender_id_0_377,sender_id_1_377,sender_id_2_377,1680433923638
sender_id_0_378,sender_id_1_378,sender_id_2_378,1680433923638
sender_id_0_379,sender_id_1_379,sender_id_2_379,1680433923638
sender_id_0_380,sender_id_1_380,sender_id_2_380,1680433923638
sender_id_0_381,sender_id_1_381,sender_id_2_381,1680433923638
sender_id_0_382,sender_id_1_382,sender_id_2_382,1680433923638
sender_id_0_383,sender_id_1_383,sender_id_2_383,1680433923638
sender_id_0_384,sender_id_1_384,sender_id_2_384,1680433923638
sender_id_0_385,sender_id_1_385,sender_id_2_385,1680433923638
sender_id_0_386,sender_id_1_386,sender_id_2_386,1680433923638
sender_id_0_387,sender_id_1_387,sender_id_2_387,1680433923638
sender_id_0_388,sender_id_1_388,sender_id_2_388,1680433923638
sender_id_0_389,sender_id_1_389,sender_id_2_389,1680433923638
sender_id_0_390,sender_id_1_390,sender_id_2_390,1680433923638
sender_id_0_391,sender_id_1_391,sender_id_2_391,1680433923638
sender_id_0_392,sender_id_1_392,sender_id_2_392,1680433923638
sender_id_0_393,sender_id_1_393,sender_id_2_393,1680433923638
sender_id_0_394,sender_id_1_394,sender_id_2_394,1680433923638
sender_id_0_395,sender_id_1_395,sender_id_2_395,1680433923638
sender_id_0_396,sender_id_1_396,sender_id_2_396,1680433923638
sender_id_0_397,sender_id_1_397,sender_id_2_397,1680433923638
sender_id_0_398,sender_id_1_398,sender_id_2_398,1680433923638
sender_id_0_399,sender_id_1_399,sender_id_2_399,1680433923638
sender_id_0_400,sender_id_1_400,sender_id_2_400,1680433923638
sender_id_0_401,sender_id_1_401,sender_id_2_401,1680433923638
sender_id_0_402,sender_id_1_402,sender_id_2_402,1680433923638
sender_id_0_403,sender_id_1_403,sender_id_2_403,1680433923638
sender_id_0_404,sender_id_1_404,sender_id_2_404,1680433923638
sender_id_0_405,sender_id_1_405,sender_id_2_405,1680433923638
sender_id_0_406,sender_id_1_406,sender_id_2_406,1680433923638
sender_id_0_407,sender_id_1_407,sender_id_2_407,1680433923638
sender_id_0_408,sender_id_1_408,sender_id_2_408,1680433923638
sender_id_0_409,sender_id_1_409,sender_id_2_409,1680433923638
sender_id_0_410,sender_id_1_410,sender_id_2_410,1680433923638
sender_id_0_411,sender_id_1_411,sender_id_2_411,1680433923638
sender_id_0_412,sender_id_1_412,sender_id_2_412,1680433923638
sender_id_0_413,sender_id_1_413,sender_id_2_413,1680433923638
sender_id_0_414,sender_id_1_414,sender_id_2_414,1680433923638
sender_id_0_415,sender_id_1_415,sender_id_2_415,1680433923638
sender_id_0_416,sender_id_1_416,sender_id_2_416,1680433923638
sender_id_0_417,sender_id_1_417,sender_id_2_417,1680433923638
sender_id_0_418,sender_id_1_418,sender_id_2_418,1680433923638
sender_id_0_419,sender_id_1_419,sender_id_2_419,1680433923638
sender_id_0_420,sender_id_1_420,sender_id_2_420,1680433923638
sender_id_0_421,sender_id_1_421,sender_id_2_421,1680433923638
sender_id_0_422,sender_id_1_422,sender_id_2_422,1680433923638
sender_id_0_423,sender_id_1_423,sender_id_2_423,1680433923638
sender_id_0_424,sender_id_1_424,sender_id_2_424,1680433923638
sender_id_0_425,sender_id_1_425,sender_id_2_425,1680433923638
sender_id_0_426,sender_id_1_426,sender_id_2_426,1680433923638
sender_id_0_427,sender_id_1_427,sender_id_2_427,1680433923638
sender_id_0_428,sender_id_1_428,sender_id_2_428,1680433923638
sender_id_0_429,sender_id_1_429,sender_id_2_429,1680433923638
sender_id_0_430,sender_id_1_430,sender_id_2_430,1680433923638
sender_id_0_431,sender_id_1_431,sender_id_2_431,1680433923638
sender_id_0_432,sender_id_1_432,sender_id_2_432,1680433923638
sender_id_0_433,sender_id_1_433,sender_id_2_433,1680433923638
sender_id_0_434,sender_id_1_434,sender_id_2_434,1680433923638
sender_id_0_435,sender_id_1_435,sender_id_2_435,1680433923638
sender_id_0_436,sender_id_1_436,sender_id_2_436,1680433923638
sender_id_0_437,sender_id_1_437,sender_id_2_437,1680433923638
sender_id_0_438,sender_id_1_438,sender_id_2_438,1680433923638
sender_id_0_439,sender_id_1_439,sender_id_2_439,1680433923638
sender_id_0_440,sender_id_1_440,sender_id_2_440,1680433923638
sender_id_0_441,sender_id_1_441,sender_id_2_441,1680433923638
sender_id_0_442,sender_id_1_442,sender_id_2_442,1680433923638
sender_id_0_443,sender_id_1_443,sender_id_2_443,1680433923638
sender_id_0_444,sender_id_1_444,sender_id_2_444,1680433923638
sender_id_0_445,sender_id_1_445,sender_id_2_445,1680433923638
sender_id_0_446,sender_id_1_446,sender_id_2_446,1680433923638
sender_id_0_447,sender_id_1_447,sender_id_2_447,1680433923638
sender_id_0_448,sender_id_1_448,sender_id_2_448,1680433923638
sender_id_0_449,sender_id_1_449,sender_id_2_449,1680433923638
sender_id_0_450,sender_id_1_450,sender_id_2_450,1680433923638
sender_id_0_451,sender_id_1_451,sender_id_2_451,1680433923638
sender_id_0_452,sender_id_1_452,sender_id_2_452,1680433923638
sender_id_0_453,sender_id_1_453,sender_id_2_453,1680433923638
sender_id_0_454,sender_id_1_454,sender_id_2_454,1680433923638
sender_id_0_455,sender_id_1_455,sender_id_2_455,1680433923638
sender_id_0_456,sender_id_1_456,sender_id_2_456,1680433923638
sender_id_0_457,sender_id_1_457,sender_id_2_457,1680433923638
sender_id_0_458,sender_id_1_458,sender_id_2_458,1680433923638
sender_id_0_459,sender_id_1_459,sender_id_2_459,1680433923638
sender_id_0_460,sender_id_1_460,sender_id_2_460,1680433923638
sender_id_0_461,sender_id_1_461,sender_id_2_461,1680433923638
sender_id_0_462,sender_id_1_462,sender_id_2_462,1680433923638
sender_id_0_463,sender_id_1_463,sender_id_2_463,1680433923638
sender_id_0_464,sender_id_1_464,sender_id_2_464,1680433923638
sender_id_0_465,sender_id_1_465,sender_id_2_465,1680433923638
sender_id_0_466,sender_id_1_466,sender_id_2_466,1680433923638
sender_id_0_467,sender_id_1_467,sender_id_2_467,1680433923638
sender_id_0_468,sender_id_1_468,sender_id_2_468,1680433923638
sender_id_0_469,sender_id_1_469,sender_id_2_469,1680433923638
sender_id_0_470,sender_id_1_470,sender_id_2_470,1680433923638
sender_id_0_471,sender_id_1_471,sender_id_2_471,1680433923638
sender_id_0_472,sender_id_1_472,sender_id_2_472,1680433923638
sender_id_0_473,sender_id_1_473,sender_id_2_473,1680433923638
sender_id_0_474,sender_id_1_474,sender_id_2_474,1680433923638
sender_id_0_475,sender_id_1_475,sender_id_2_475,1680433923638
sender_id_0_476,sender_id_1_476,sender_id_2_476,1680433923638
sender_id_0_477,sender_id_1_477,sender_id_2_477,1680433923638
sender_id_0_478,sender_id_1_478,sender_id_2_478,1680433923638
sender_id_0_479,sender_id_1_479,sender_id_2_479,1680433923638
sender_id_0_480,sender_id_1_480,sender_id_2_480,1680433923638
sender_id_0_481,sender_id_1_481,sender_id_2_481,1680433923638
sender_id_0_482,sender_id_1_482,sender_id_2_482,1680433923638
sender_id_0_483,sender_id_1_483,sender_id_2_483,1680433923638
sender_id_0_484,sender_id_1_484,sender_id_2_484,1680433923638
sender_id_0_485,sender_id_1_485,sender_id_2_485,1680433923638
sender_id_0_486,sender_id_1_486,sender_id_2_486,1680433923638
sender_id_0_487,sender_id_1_487,sender_id_2_487,1680433923638
sender_id_0_488,sender_id_1_488,sender_id_2_488,1680433923638
sender_id_0_489,sender_id_1_489,sender_id_2_489,1680433923638
sender_id_0_490,sender_id_1_490,sender_id_2_490,1680433923638
sender_id_0_491,sender_id_1_491,sender_id_2_491,1680433923638
sender_id_0_492,sender_id_1_492,sender_id_2_492,1680433923638
sender_id_0_493,sender_id_1_493,sender_id_2_493,1680433923638
sender_id_0_494,sender_id_1_494,sender_id_2_494,1680433923638
sender_id_0_495,sender_id_1_495,sender_id_2_495,1680433923638
sender_id_0_496,sender_id_1_496,sender_id_2_496,1680433923638
sender_id_0_497,sender_id_1_497,sender_id_2_497,1680433923638
sender_id_0_498,sender_id_1_498,sender_id_2_498,1680433923638
sender_id_0_499,sender_id_1_499,sender_id_2_499,1680433923638
