id_0,receiver_id_1_0,receiver_id_2_0,1680433923638
id_1,receiver_id_1_1,receiver_id_2_1,1680433923640
receiver_id_0_2,id_2,receiver_id_2_2,1680433923641
receiver_id_0_3,id_3,receiver_id_2_3,1680433923643
receiver_id_0_4,receiver_id_1_4,id_4,1680433923644
receiver_id_0_5,receiver_id_1_5,receiver_id_2_5,1680433923645
receiver_id_0_6,receiver_id_1_6,receiver_id_2_6,1680433923647
receiver_id_0_7,receiver_id_1_7,receiver_id_2_7,1680433923649
receiver_id_0_8,receiver_id_1_8,receiver_id_2_8,1680433923650
receiver_id_0_9,receiver_id_1_9,receiver_id_2_9,1680433923652
receiver_id_0_10,receiver_id_1_10,receiver_id_2_10,1680433923653
receiver_id_0_11,receiver_id_1_11,receiver_id_2_11,1680433923655
receiver_id_0_12,receiver_id_1_12,receiver_id_2_12,1680433923656
receiver_id_0_13,receiver_id_1_13,receiver_id_2_13,1680433923657
receiver_id_0_14,receiver_id_1_14,receiver_id_2_14,1680433923659
receiver_id_0_15,receiver_id_1_15,receiver_id_2_15,1680433923660
receiver_id_0_16,receiver_id_1_16,receiver_id_2_16,1680433923662
receiver_id_0_17,receiver_id_1_17,receiver_id_2_17,1680433923663
receiver_id_0_18,receiver_id_1_18,receiver_id_2_18,1680433923665
receiver_id_0_19,receiver_id_1_19,receiver_id_2_19,1680433923666
receiver_id_0_20,receiver_id_1_20,receiver_id_2_20,1680433923668
receiver_id_0_21,receiver_id_1_21,receiver_id_2_21,1680433923669
receiver_id_0_22,receiver_id_1_22,receiver_id_2_22,1680433923671
receiver_id_0_23,receiver_id_1_23,receiver_id_2_23,1680433923672
receiver_id_0_24,receiver_id_1_24,receiver_id_2_24,1680433923674
receiver_id_0_25,receiver_id_1_25,receiver_id_2_25,1680433923675
receiver_id_0_26,receiver_id_1_26,receiver_id_2_26,1680433923676
receiver_id_0_27,receiver_id_1_27,receiver_id_2_27,1680433923678
receiver_id_0_28,receiver_id_1_28,receiver_id_2_28,1680433923679
receiver_id_0_29,receiver_id_1_29,receiver_id_2_29,1680433923681
receiver_id_0_30,receiver_id_1_30,receiver_id_2_30,1680433923682
receiver_id_0_31,receiver_id_1_31,receiver_id_2_31,1680433923684
receiver_id_0_32,receiver_id_1_32,receiver_id_2_32,1680433923685
receiver_id_0_33,receiver_id_1_33,receiver_id_2_33,1680433923686
receiver_id_0_34,receiver_id_1_34,receiver_id_2_34,1680433923687
receiver_id_0_35,receiver_id_1_35,receiver_id_2_35,1680433923689
receiver_id_0_36,receiver_id_1_36,receiver_id_2_36,1680433923690
receiver_id_0_37,receiver_id_1_37,receiver_id_2_37,1680433923692
receiver_id_0_38,receiver_id_1_38,receiver_id_2_38,1680433923693
receiver_id_0_39,receiver_id_1_39,receiver_id_2_39,1680433923694
receiver_id_0_40,receiver_id_1_40,receiver_id_2_40,1680433923696
receiver_id_0_41,receiver_id_1_41,receiver_id_2_41,1680433923697
receiver_id_0_42,receiver_id_1_42,receiver_id_2_42,1680433923699
receiver_id_0_43,receiver_id_1_43,receiver_id_2_43,1680433923700
receiver_id_0_44,receiver_id_1_44,receiver_id_2_44,1680433923701
receiver_id_0_45,receiver_id_1_45,receiver_id_2_45,1680433923703
receiver_id_0_46,receiver_id_1_46,receiver_id_2_46,1680433923704
receiver_id_0_47,receiver_id_1_47,receiver_id_2_47,1680433923705
receiver_id_0_48,receiver_id_1_48,receiver_id_2_48,1680433923707
receiver_id_0_49,receiver_id_1_49,receiver_id_2_49,1680433923708
